{"tf_idf": 0.31111111111111106, "sen_length": 0.02777777777777778, "proper_nouns": 0.003125, "np_vps": 0.005000000000000001, "c_score": 0.061528457701206206, "sen_pos": 0.0, "total_score": 0.40854234659009503, "index": 0, "sentence": "Government must continue to live within its means,\\\" Clinton said in cutting the military outlays from the 9."}
{"tf_idf": 0.07777777777777774, "sen_length": 0.0, "proper_nouns": 0.003125, "np_vps": 0.005000000000000001, "c_score": 0.02267989218235016, "sen_pos": 0.0, "total_score": 0.1085826699601279, "index": 1, "sentence": "2 billion U. S.  dollar bill."}
{"tf_idf": 0.0, "sen_length": 0.0, "proper_nouns": -0.003125, "np_vps": -0.0025000000000000005, "c_score": 0.0, "sen_pos": 0.01875, "total_score": 0.013124999999999998, "index": 2, "sentence": "The vetoed projects include a 19."}
{"tf_idf": 0.35, "sen_length": 0.02777777777777778, "proper_nouns": 0.009375000000000001, "np_vps": 0.015, "c_score": 0.11528355181217192, "sen_pos": 0.0375, "total_score": 0.5549363295899498, "index": 3, "sentence": "9 million dollar plan to build a new wharf for ship repair at Norfolk Naval Shipyard in Virginia; a 17."}
{"tf_idf": 0.7, "sen_length": 0.05, "proper_nouns": 0.025, "np_vps": 0.025, "c_score": 0.1270319402217865, "sen_pos": 0.056249999999999994, "total_score": 0.9832819402217866, "index": 4, "sentence": "9 million dollar pier improvement project at Florida's Mayport Naval Station; a 16 million dollar railroad project at Fort Carson, Colo. ; four projects in California and three in Texas."}
{"tf_idf": 0.5055555555555555, "sen_length": 0.02962962962962963, "proper_nouns": 0.015625, "np_vps": 0.0125, "c_score": 0.15, "sen_pos": 0.075, "total_score": 0.7883101851851851, "index": 5, "sentence": "Senate Majority Leader Trent Lott's home state was spared, although six Mississippi projects were added to the military construction bill."}
{"tf_idf": 0.35, "sen_length": 0.024074074074074074, "proper_nouns": 0.025, "np_vps": 0.010000000000000002, "c_score": 0.08916718661785125, "sen_pos": 0.09375, "total_score": 0.5919912606919253, "index": 6, "sentence": "Moody Air Force Base in Georgia, home state of House Speaker Newt Gingrich, will lose a 6."}
{"tf_idf": 0.23333333333333325, "sen_length": 0.016666666666666666, "proper_nouns": -0.003125, "np_vps": 0.015, "c_score": 0.11258472204208374, "sen_pos": 0.11249999999999999, "total_score": 0.48695972204208365, "index": 7, "sentence": "8 million dollar combat search and training center if the president's veto is upheld."}
